Neighbourhood,Latitude,Longitude
Adarsh Nagar,28.6141925,77.0715411848447
Ashok Vihar,28.6994533,77.1848256
Karala,28.73514,77.0325105
Model Town,28.7027136,77.1939912
Narela,28.8426096,77.0918354
Pitam Pura,28.7032676,77.1322497
Shalimar Bagh,28.71745265,77.15086654617409
Civil Lines,28.6768508,77.2250299
Gulabi Bagh,28.6696495,77.1947256
Kamla Nagar,28.680344249999997,77.20212920033055
Kashmiri Gate,28.6699765,77.2320588
Kotwali,28.6410215,77.24160527278141
Mori Gate,28.664203,77.2237393
Sadar Bazaar,28.5771509,77.1111533
Sarai Rohilla,28.6678728,77.1902673
Shakti Nagar,28.67979,77.1949142
Shastri Nagar,28.6700885,77.1818589
Tis Hazari,28.6671626,77.2166306
Timarpur,28.70126285,77.21867953631201
Wazirabad,28.433762,77.0877572
Dilshad Garden,28.6758257,77.3215163
Naveen Shahdara,28.6773386,77.2860157
New Usmanpur,28.6838546,77.2560051
Shahdara,28.6733333,77.2890248
Shastri Park,28.6684339,77.2505301
Yamuna Vihar,28.700372,77.2727728
Chandni Chowk,28.6559834,77.2321937
Daryaganj,28.64609,77.243048
Jhandewalan,28.6443188,77.1999165
Karol Bagh,28.6529982,77.1890227
Paharganj,28.6414989,77.2140607
Barakhamba Road,28.6269519,77.22995
Chanakyapuri,28.5946775,77.1885212
Connaught Place,28.6313827,77.2197924
Gole Market,28.63371865,77.20562662098214
INA Colony,28.5772814,77.2126489
Laxmibai Nagar,28.5754186,77.2051091
Pragati Maidan,28.6234752,77.2425278
East Vinod Nagar,28.6227661,77.3075035
Jhilmil Colony,28.6698142,77.3072827
Laxmi Nagar,28.6305526,77.277575
Mayur Vihar,28.6131071,77.2957221
Pandav Nagar,28.6500237,77.1536755
Preet Vihar,28.6414409,77.2952594
Anand Vihar,28.641115,77.3125024
Vasundhara Enclave,28.60172565,77.3211224956397
Vishwas Nagar,28.6644357,77.29496
Vivek Vihar,28.6691641,77.31226695421603
Alaknanda,28.5293364,77.2516323
Chittaranjan Park,28.5387523,77.2492493451557
Defence Colony,28.5712216,77.23177637002767
East of Kailash,28.557032200000002,77.24461392068525
Govindpuri,28.5351561,77.2637936
Greater Kailash,28.5418777,77.2384553
Green Park,28.5555374,77.2024966
Gulmohar Park,28.5571011,77.2130055
Hauz Khas,28.5442564,77.2067072
Jangpura,28.582457050000002,77.2415000727384
Jor Bagh,28.6766079,77.1586915
Kalkaji,28.5370703,77.2618051
Khanpur,28.5127982,77.2323949
Lajpat Nagar,28.5792615,77.2440325
Lodi Colony,28.59070215,77.22092057315884
Malviya Nagar,28.5339201,77.2124474
Mehrauli,28.5218262,77.1783232
Neeti Bagh,28.5592511,77.2161665
Nehru Place,28.54925735,77.25295199508821
Netaji Nagar,28.5735343,77.1863593
New Friends Colony,28.5671008,77.2697643
Nizamuddin West,28.588365,77.2449546
Okhla,28.5636616,77.2890546
Safdarjung Enclave,28.5656419,77.1934382
Sainik Farm,28.503746,77.21607253402124
Saket,28.5244107,77.2137253
Sangam Vihar,28.49770245,77.23917410450832
Sarita Vihar,28.5285737,77.2883311
Sarojini Nagar,28.5741575,77.1953703
Sarvodaya Enclave,28.5374783,77.2020888
Siri Fort,28.5521464,77.2246983
South Extension,28.5687149,77.2168955
Sriniwaspuri,28.5652204,77.2547041
Sundar Nagar,28.61893,76.961584
Tughlaqabad,28.5111925,77.2623265
Badarpur,28.4931698,77.3030239
Dabri,28.6107697,77.09110590789903
Delhi Cantonment,28.593833099999998,77.13497891459929
Dhaula Kuan,28.5918905,77.1617034
Moti Bagh,28.6676187,77.1842269
Munirka,28.554886,77.1710841
Najafgarh,28.612304,76.9823908
Naraina,28.6220547,77.1386441
Palam,28.5918933,77.0828242
Rama Krishna Puram,28.5755607,77.17230336809229
Vasant Kunj,28.5292495,77.1541335
Vasant Vihar,28.56069055,77.16079073168567
Ashok Nagar,28.6360207,77.101822
Bali Nagar,28.6541384,77.128178
Fateh Nagar,28.6316154,77.1008776
Kirti Nagar,28.6532807,77.1417729
Moti Nagar,28.657859,77.1424288
Paschim Vihar,28.6695782,77.095956
Patel Nagar,28.6598088,77.156957
Punjabi Bagh,28.668945,77.1324614
Rajouri Garden,28.6421518,77.11606037769263
Tihar Village,28.6346361,77.1071121
Tilak Nagar,28.6365482,77.0964961
Vikaspuri,28.638419050000003,77.07083614685489
Indira Gandhi International Airport,28.55489735,77.08467458266915
New Delhi Railway Station,28.6402816,77.22041029249536
Hazrat Nizamuddin Railway Station,28.5864131,77.2529822
Old Delhi Railway Station,28.6609052,77.2277153
Kashmiri Gate,28.6699765,77.2320588
Gurugram,28.465136899999997,77.03225968488925
Ghaziabad,28.6934335,77.3396918
Noida,28.4808629,77.0848883
Faridabad,28.4808629,77.0848883
